[
    {
        "url":  "https://bosstoragemirror.azureedge.net/xamarin-forms/ca/cac1afa328f45d61bd201792854f0a4033c03a78/Xamarin.Forms.3.2.0.599850.nupkg",
        "sha256":  "45ef1c4af835aab06d2af6d491a83174018d25ed05f22051520be26e72062fed",
        "size":  6973211
    },
    {
        "url":  "https://bosstoragemirror.azureedge.net/xamarin-forms/ca/cac1afa328f45d61bd201792854f0a4033c03a78/Xamarin.Forms.AppLinks.3.2.0.599850.nupkg",
        "sha256":  "38139e8d727c676bd461529c0097e7181dce7aee372d8db63b6643767120babd",
        "size":  10976
    },
    {
        "url":  "https://bosstoragemirror.azureedge.net/xamarin-forms/ca/cac1afa328f45d61bd201792854f0a4033c03a78/Xamarin.Forms.Maps.3.2.0.599850.nupkg",
        "sha256":  "57a51fa69cf3a16d59d2c247fa973369a549b7b956b407e7f606598c9c028f3e",
        "size":  126082
    },
    {
        "url":  "https://bosstoragemirror.azureedge.net/xamarin-forms/ca/cac1afa328f45d61bd201792854f0a4033c03a78/Xamarin.Forms.Maps.GTK.3.2.0.599850.nupkg",
        "sha256":  "c89bc3e0bcf0b0c877ef61c9b73c2caa660f7e4368fee6f5346303414d229d3d",
        "size":  2874635
    },
    {
        "url":  "https://bosstoragemirror.azureedge.net/xamarin-forms/ca/cac1afa328f45d61bd201792854f0a4033c03a78/Xamarin.Forms.Maps.WPF.3.2.0.599850.nupkg",
        "sha256":  "778041d2f02cc0a0b02b60d739ecdae57b307da2ea3a225b6d2765e58e7d35dc",
        "size":  18410
    },
    {
        "url":  "https://bosstoragemirror.azureedge.net/xamarin-forms/ca/cac1afa328f45d61bd201792854f0a4033c03a78/Xamarin.Forms.Pages.3.2.0.599850.nupkg",
        "sha256":  "dd889f10a3645ab57065a7c43a77bc0c902f5304bb8ecb0187b211e1e37e42f4",
        "size":  19142
    },
    {
        "url":  "https://bosstoragemirror.azureedge.net/xamarin-forms/ca/cac1afa328f45d61bd201792854f0a4033c03a78/Xamarin.Forms.Pages.Azure.3.2.0.599850.nupkg",
        "sha256":  "33beb9c062308eb5edb3dfe91d94dd0331e3ab29fac9b3de307761e0e0ec590a",
        "size":  7296
    },
    {
        "url":  "https://bosstoragemirror.azureedge.net/xamarin-forms/ca/cac1afa328f45d61bd201792854f0a4033c03a78/Xamarin.Forms.Platform.GTK.3.2.0.599850.nupkg",
        "sha256":  "a00d1d15296bcc3b6f6350f3c97294b968c94d6786184fdb9dd198177bf49a0e",
        "size":  1448209
    },
    {
        "url":  "https://bosstoragemirror.azureedge.net/xamarin-forms/ca/cac1afa328f45d61bd201792854f0a4033c03a78/Xamarin.Forms.Platform.WPF.3.2.0.599850.nupkg",
        "sha256":  "7c500c4564a2802a5f2fe8f05ab064f260da1b9201915170daceea755ee8f599",
        "size":  132478
    }
]
