[
    {
        "url":  "https://bosstoragemirror.azureedge.net/xamarin-forms/1f/1fc5eaf125adc663b6b40733798293a9aeeab4f1/Xamarin.Forms.3.2.0.598293.nupkg",
        "sha256":  "5ef8f8e80d6e760ef87bbc51b8a76655c4991d1aa5d27c71f98289c9415e6dfb",
        "size":  6973155
    },
    {
        "url":  "https://bosstoragemirror.azureedge.net/xamarin-forms/1f/1fc5eaf125adc663b6b40733798293a9aeeab4f1/Xamarin.Forms.AppLinks.3.2.0.598293.nupkg",
        "sha256":  "66fd5bb0312dd0eefd8cb054c3177fe2c05327878acf7ee0636cc659663bee70",
        "size":  10977
    },
    {
        "url":  "https://bosstoragemirror.azureedge.net/xamarin-forms/1f/1fc5eaf125adc663b6b40733798293a9aeeab4f1/Xamarin.Forms.Maps.3.2.0.598293.nupkg",
        "sha256":  "e50f9dd586627ced0ecb917dbf263414e3990c54b2b82a64af28367ce3bbe20d",
        "size":  126079
    },
    {
        "url":  "https://bosstoragemirror.azureedge.net/xamarin-forms/1f/1fc5eaf125adc663b6b40733798293a9aeeab4f1/Xamarin.Forms.Maps.GTK.3.2.0.598293.nupkg",
        "sha256":  "fc27b872945c837c75326de31cfa47eba5dffe8eec7c93b2d383c5ee5878a914",
        "size":  2874636
    },
    {
        "url":  "https://bosstoragemirror.azureedge.net/xamarin-forms/1f/1fc5eaf125adc663b6b40733798293a9aeeab4f1/Xamarin.Forms.Maps.WPF.3.2.0.598293.nupkg",
        "sha256":  "0e2281e6b46825070d7be2de7af71e783c279106a9fec7a9adb4e266310d4057",
        "size":  18404
    },
    {
        "url":  "https://bosstoragemirror.azureedge.net/xamarin-forms/1f/1fc5eaf125adc663b6b40733798293a9aeeab4f1/Xamarin.Forms.Pages.3.2.0.598293.nupkg",
        "sha256":  "db22c4f49a8f46d4787db1fcd1e8dcb8b755b8e4b673b9939c24b5d4272dbdfd",
        "size":  19142
    },
    {
        "url":  "https://bosstoragemirror.azureedge.net/xamarin-forms/1f/1fc5eaf125adc663b6b40733798293a9aeeab4f1/Xamarin.Forms.Pages.Azure.3.2.0.598293.nupkg",
        "sha256":  "e8227d1b7b777a78410fa073a45d604c37fdc02e2ea24336d34ad337167aceb0",
        "size":  7296
    },
    {
        "url":  "https://bosstoragemirror.azureedge.net/xamarin-forms/1f/1fc5eaf125adc663b6b40733798293a9aeeab4f1/Xamarin.Forms.Platform.GTK.3.2.0.598293.nupkg",
        "sha256":  "da72f4c4993c7b34dc018b9d09d913ee22a7d1986f76a81364c77b7b010b6e64",
        "size":  1448209
    },
    {
        "url":  "https://bosstoragemirror.azureedge.net/xamarin-forms/1f/1fc5eaf125adc663b6b40733798293a9aeeab4f1/Xamarin.Forms.Platform.WPF.3.2.0.598293.nupkg",
        "sha256":  "1be3bcb3f16f4dec4450639d69af9ac7801c56c9dcd76c5317e600451aa670e6",
        "size":  132479
    }
]
